Elmira,Boshell,eboshell0@blog.com,1ºDAM,Desarrollo Aplicaciones Multiplataformas
Malanie,Muriel,mmuriel1@google.com.hk,1ºDAM,Desarrollo Aplicaciones Multiplataformas
Tymon,Madge,tmadge2@dailymotion.com,1ºDAM,Desarrollo Aplicaciones Multiplataformas
Franklyn,Pilbury,fpilbury3@webeden.co.uk,1ºDAM,Desarrollo Aplicaciones Multiplataformas
Morissa,Dallman,mdallman4@tinyurl.com,1ºDAM,Desarrollo Aplicaciones Multiplataformas
Honoria,Airds,hairds5@google.com.hk,1ºDAM,Desarrollo Aplicaciones Multiplataformas
Thalia,Ringham,tringham6@zdnet.com,1ºDAM,Desarrollo Aplicaciones Multiplataformas
Shelden,Dran,sdran7@taobao.com,1ºDAM,Desarrollo Aplicaciones Multiplataformas
Jacques,Crebo,jcrebo8@sfgate.com,1ºDAM,Desarrollo Aplicaciones Multiplataformas
Martita,Pass,mpass9@yahoo.com,1ºDAM,Desarrollo Aplicaciones Multiplataformas
Myer,Lorrain,mlorraina@mit.edu,1ºDAM,Desarrollo Aplicaciones Multiplataformas
Lilias,Murkitt,lmurkittb@yahoo.co.jp,1ºDAM,Desarrollo Aplicaciones Multiplataformas
Ashbey,Dredge,adredgec@plala.or.jp,1ºDAM,Desarrollo Aplicaciones Multiplataformas
Sam,Cains,scainsd@jiathis.com,1ºDAM,Desarrollo Aplicaciones Multiplataformas
Irita,Giorgietto,igiorgiettoe@about.com,1ºDAM,Desarrollo Aplicaciones Multiplataformas
Loy,Strettell,lstrettellf@themeforest.net,2ºDAM,Desarrollo Aplicaciones Multiplataformas
Nelia,Tribell,ntribellg@paypal.com,2ºDAM,Desarrollo Aplicaciones Multiplataformas
Vonnie,Cortnay,vcortnayh@elegantthemes.com,2ºDAM,Desarrollo Aplicaciones Multiplataformas
Payton,Dickerline,pdickerlinei@youtube.com,2ºDAM,Desarrollo Aplicaciones Multiplataformas
Russ,Pedder,rpedderj@bravesites.com,2ºDAM,Desarrollo Aplicaciones Multiplataformas
Issy,Erskine Sandys,ierskinesandysk@moonfruit.com,2ºDAM,Desarrollo Aplicaciones Multiplataformas
Darrin,McKomb,dmckombl@accuweather.com,2ºDAM,Desarrollo Aplicaciones Multiplataformas
Letty,Maceur,lmaceurm@miitbeian.gov.cn,2ºDAM,Desarrollo Aplicaciones Multiplataformas
Lu,Northcote,lnorthcoten@a8.net,2ºDAM,Desarrollo Aplicaciones Multiplataformas
Laurice,Messent,lmessento@icio.us,2ºDAM,Desarrollo Aplicaciones Multiplataformas
Imogene,Winnister,iwinnisterp@salon.com,2ºDAM,Desarrollo Aplicaciones Multiplataformas
Erna,Marchello,emarchelloq@163.com,2ºDAM,Desarrollo Aplicaciones Multiplataformas
Ryon,Cator,rcatorr@ycombinator.com,2ºDAM,Desarrollo Aplicaciones Multiplataformas
Petra,Harcus,pharcuss@is.gd,2ºDAM,Desarrollo Aplicaciones Multiplataformas
Elisabeth,Garnsey,egarnseyt@stumbleupon.com,2ºDAM,Desarrollo Aplicaciones Multiplataformas
Magaña,Albertó,pepeélMejor@gmail.com,1ºDAM,Desarrollo Aplicaciones Multiplataformas
